{
  "Index": {
    "title": "World Vlog Viewer",
    "search_placeholder": "Buscar ciudad o país...",
    "skip_button": "Siguiente",
    "channel_link": "Ver Canal",
    "open_menu": "Abrir menú",
    "random_best_videos": "Mejores videos al azar",
    "select_area": "Seleccionar Área",
    "language_title": "Idioma / Language",
    "searching_scenic": "🚁 Buscando videos panorámicos...",
    "searching_camp": "⛺ Buscando videos de campamento...",
    "searching_vlog": "📹 Buscando Vlog...",
    "affiliate_camp": "Mira el equipo usado en este video",
    "affiliate_hotel": "Encuentra los mejores hoteles en {city}",
    "no_videos_desc": "No se encontraron videos en el caché.",
    "no_videos_found_city": "No se encontraron vídeos para {city}. Inténtalo de nuevo más tarde.",
    "languages": {
      "ja": "日本語",
      "en": "English",
      "zh": "中文",
      "ar": "العربية",
      "es": "Español",
      "fr": "Français"
    },
    "areas": {
      "east-asia": "Asia Oriental",
      "southeast-asia": "Sudeste Asiático",
      "middle-east": "Medio Oriente",
      "europe": "Europa",
      "americas": "Américas",
      "africa-oceania": "África y Oceanía"
    },
    "countries": {
      "JP": "Japón",
      "KR": "Corea del Sur",
      "CN": "China",
      "TW": "Taiwán",
      "HK": "Hong Kong",
      "MO": "Macao",
      "MN": "Mongolia",
      "KP": "Corea del Norte",
      "PH": "Filipinas",
      "IN": "India",
      "TH": "Tailandia",
      "VN": "Vietnam",
      "SG": "Singapur",
      "ID": "Indonesia",
      "MY": "Malasia",
      "KH": "Camboya",
      "MM": "Myanmar",
      "LA": "Laos",
      "BN": "Brunéi",
      "PW": "Palaos",
      "AE": "EAU",
      "TR": "Turquía",
      "SA": "Arabia Saudita",
      "MA": "Marruecos",
      "JO": "Jordania",
      "EG": "Egipto",
      "IR": "Irán",
      "GE": "Georgia",
      "QA": "Catar",
      "IL": "Israel",
      "FR": "Francia",
      "IT": "Italia",
      "ES": "España",
      "GB": "Reino Unido",
      "CZ": "República Checa",
      "NL": "Países Bajos",
      "DE": "Alemania",
      "HU": "Hungría",
      "PT": "Portugal",
      "GR": "Grecia",
      "PL": "Polonia",
      "HR": "Croacia",
      "US": "EE. UU.",
      "CA": "Canadá",
      "MX": "México",
      "BR": "Brasil",
      "AR": "Argentina",
      "CL": "Chile",
      "PE": "Perú",
      "CO": "Colombia",
      "CU": "Cuba",
      "EC": "Ecuador",
      "ZA": "Sudáfrica",
      "KE": "Kenia",
      "AU": "Australia",
      "NZ": "Nueva Zelanda",
      "ET": "Etiopía",
      "TZ": "Tanzania",
      "GH": "Ghana",
      "SN": "Senegal",
      "FJ": "Fiyi",
      "MU": "Mauricio"
    },
    "cities": {
      "tokyo": "Tokio",
      "kyoto": "Kioto",
      "osaka": "Osaka",
      "hokkaido": "Hokkaido",
      "seoul": "Seúl",
      "busan": "Busan",
      "jeonju": "Jeonju",
      "beijing": "Pekín",
      "shanghai": "Shanghái",
      "chengdu": "Chengdu",
      "taipei": "Taipéi",
      "tainan": "Tainan",
      "hong-kong": "Hong Kong",
      "macau": "Macao",
      "ulaanbaatar": "Ulán Bator",
      "pyongyang": "Pionyang",
      "manila": "Manila",
      "palawan": "Palawan",
      "cebu": "Cebú",
      "varanasi": "Varanasi",
      "jaipur": "Jaipur",
      "new-delhi": "Nueva Delhi",
      "bangkok": "Bangkok",
      "chiang-mai": "Chiang Mai",
      "phuket": "Phuket",
      "hanoi": "Hanói",
      "ho-chi-minh": "Ciudad Ho Chi Minh",
      "hoi-an": "Hoi An",
      "singapore": "Singapur",
      "bali": "Bali",
      "jakarta": "Yakarta",
      "yogyakarta": "Yogyakarta",
      "kuala-lumpur": "Kuala Lumpur",
      "penang": "Penang",
      "siem-reap": "Siem Reap",
      "phnom-penh": "Nom Pen",
      "bagan": "Bagan",
      "yangon": "Rangún",
      "luang-prabang": "Luang Prabang",
      "vientiane": "Vientián",
      "bandar-seri-begawan": "Bandar Seri Begawan",
      "koror": "Koror",
      "dubai": "Dubái",
      "abu-dhabi": "Abu Dabi",
      "istanbul": "Estambul",
      "cappadocia": "Capadocia",
      "ephesus": "Éfeso",
      "riyadh": "Riad",
      "alula": "Al-Ula",
      "marrakech": "Marrakech",
      "fes": "Fez",
      "chefchaouen": "Chefchaouen",
      "petra": "Petra",
      "wadi-rum": "Wadi Rum",
      "amman": "Amán",
      "cairo": "El Cairo",
      "luxor": "Luxor",
      "isfahan": "Isfahán",
      "tehran": "Teherán",
      "tbilisi": "Tiflis",
      "batumi": "Batumi",
      "doha": "Doha",
      "jerusalem": "Jerusalén",
      "tel-aviv": "Tel Aviv",
      "paris": "París",
      "nice": "Niza",
      "lyon": "Lyon",
      "rome": "Roma",
      "venice": "Venecia",
      "florence": "Florencia",
      "amalfi": "Amalfi",
      "barcelona": "Barcelona",
      "seville": "Sevilla",
      "granada": "Granada",
      "london": "Londres",
      "edinburgh": "Edimburgo",
      "bath": "Bath",
      "prague": "Praga",
      "-esk-krumlov": "Český Krumlov",
      "amsterdam": "Ámsterdam",
      "utrecht": "Utrecht",
      "cologne": "Colonia",
      "munich": "Múnich",
      "hamburg": "Hamburgo",
      "budapest": "Budapest",
      "lisbon": "Lisboa",
      "porto": "Oporto",
      "athens": "Atenas",
      "santorini": "Santorini",
      "krak-w": "Cracovia",
      "warsaw": "Varsovia",
      "dubrovnik": "Dubrovnik",
      "split": "Split",
      "new-york-city": "Nueva York",
      "los-angeles": "Los Ángeles",
      "new-orleans": "Nueva Orleans",
      "san-francisco": "San Francisco",
      "vancouver": "Vancouver",
      "toronto": "Toronto",
      "quebec": "Quebec",
      "mexico-city": "Ciudad de México",
      "oaxaca": "Oaxaca",
      "m-rida": "Mérida",
      "rio-de-janeiro": "Río de Janeiro",
      "s-o-paulo": "São Paulo",
      "buenos-aires": "Buenos Aires",
      "patagonia": "Patagonia",
      "santiago": "Santiago",
      "valpara-so": "Valparaíso",
      "machu-picchu": "Machu Picchu",
      "cusco": "Cusco",
      "lima": "Lima",
      "cartagena": "Cartagena",
      "medell-n": "Medellín",
      "havana": "La Habana",
      "trinidad": "Trinidad",
      "quito": "Quito",
      "gal-pagos": "Galápagos",
      "cape-town": "Ciudad del Cabo",
      "johannesburg": "Johannesburgo",
      "nairobi": "Nairobi",
      "mombasa": "Mombasa",
      "sydney": "Sídney",
      "melbourne": "Melbourne",
      "cairns": "Cairns",
      "queenstown": "Queenstown",
      "auckland": "Auckland",
      "addis-ababa": "Adís Abeba",
      "lalibela": "Lalibela",
      "zanzibar": "Zanzíbar",
      "serengeti": "Serengeti",
      "accra": "Accra",
      "kumasi": "Kumasi",
      "dakar": "Dakar",
      "suva": "Suva",
      "port-louis": "Port Louis"
    },
    "mode_vlog": "Vlog",
    "mode_camp": "Acampar",
    "mode_scenic": "Panorámico",
    "search_keyword": "caminando",
    "error_connection": "Error al conectar con el servidor de video. Inténtalo de nuevo más tarde.",
    "map_click_disabled": "La búsqueda directa en el mapa está desactivada en la versión de vista previa. ¡Usa la selección de área/ciudad a la izquierda!"
  }
}