{
  "Index": {
    "title": "World Vlog Viewer",
    "search_placeholder": "Rechercher une ville ou un pays...",
    "skip_button": "Suivant",
    "channel_link": "Voir la chaîne",
    "open_menu": "Ouvrir le menu",
    "random_best_videos": "Meilleures vidéos aléatoires",
    "select_area": "Sélectionner la Zone",
    "language_title": "Langue / Language",
    "searching_scenic": "🚁 Recherche de vidéos panoramiques...",
    "searching_camp": "⛺ Recherche de vidéos de camping...",
    "searching_vlog": "📹 Recherche de Vlog...",
    "affiliate_camp": "Découvrez l'équipement utilisé dans cette vidéo",
    "affiliate_hotel": "Trouvez les meilleurs hôtels à {city}",
    "no_videos_desc": "Aucune vidéo trouvée dans le cache.",
    "no_videos_found_city": "Aucune vidéo trouvée pour {city}. Veuillez réessayer plus tard.",
    "languages": {
      "ja": "日本語",
      "en": "English",
      "zh": "中文",
      "ar": "العربية",
      "es": "Español",
      "fr": "Français"
    },
    "areas": {
      "east-asia": "Asie de l'Est",
      "southeast-asia": "Asie du Sud-Est",
      "middle-east": "Moyen-Orient",
      "europe": "Europe",
      "americas": "Amériques",
      "africa-oceania": "Afrique et Océanie"
    },
    "countries": {
      "JP": "Japon",
      "KR": "Corée du Sud",
      "CN": "Chine",
      "TW": "Taïwan",
      "HK": "Hong Kong",
      "MO": "Macao",
      "MN": "Mongolie",
      "KP": "Corée du Nord",
      "PH": "Philippines",
      "IN": "Inde",
      "TH": "Thaïlande",
      "VN": "Vietnam",
      "SG": "Singapour",
      "ID": "Indonésie",
      "MY": "Malaisie",
      "KH": "Cambodge",
      "MM": "Birmanie",
      "LA": "Laos",
      "BN": "Brunei",
      "PW": "Palaos",
      "AE": "Émirats arabes unis",
      "TR": "Turquie",
      "SA": "Arabie saoudite",
      "MA": "Maroc",
      "JO": "Jordanie",
      "EG": "Égypte",
      "IR": "Iran",
      "GE": "Géorgie",
      "QA": "Qatar",
      "IL": "Israël",
      "FR": "France",
      "IT": "Italie",
      "ES": "Espagne",
      "GB": "Royaume-Uni",
      "CZ": "République tchèque",
      "NL": "Pays-Bas",
      "DE": "Allemagne",
      "HU": "Hongrie",
      "PT": "Portugal",
      "GR": "Grèce",
      "PL": "Pologne",
      "HR": "Croatie",
      "US": "États-Unis",
      "CA": "Canada",
      "MX": "Mexique",
      "BR": "Brésil",
      "AR": "Argentine",
      "CL": "Chili",
      "PE": "Pérou",
      "CO": "Colombie",
      "CU": "Cuba",
      "EC": "Équateur",
      "ZA": "Afrique du Sud",
      "KE": "Kenya",
      "AU": "Australie",
      "NZ": "Nouvelle-Zélande",
      "ET": "Éthiopie",
      "TZ": "Tanzanie",
      "GH": "Ghana",
      "SN": "Sénégal",
      "FJ": "Fidji",
      "MU": "Maurice"
    },
    "cities": {
      "tokyo": "Tokyo",
      "kyoto": "Kyoto",
      "osaka": "Osaka",
      "hokkaido": "Hokkaido",
      "seoul": "Séoul",
      "busan": "Busan",
      "jeonju": "Jeonju",
      "beijing": "Pékin",
      "shanghai": "Shanghai",
      "chengdu": "Chengdu",
      "taipei": "Taipei",
      "tainan": "Tainan",
      "hong-kong": "Hong Kong",
      "macau": "Macao",
      "ulaanbaatar": "Oulan-Bator",
      "pyongyang": "Pyongyang",
      "manila": "Manille",
      "palawan": "Palawan",
      "cebu": "Cebu",
      "varanasi": "Varanasi",
      "jaipur": "Jaipur",
      "new-delhi": "New Delhi",
      "bangkok": "Bangkok",
      "chiang-mai": "Chiang Mai",
      "phuket": "Phuket",
      "hanoi": "Hanoï",
      "ho-chi-minh": "Hô Chi Minh-Ville",
      "hoi-an": "Hội An",
      "singapore": "Singapour",
      "bali": "Bali",
      "jakarta": "Jakarta",
      "yogyakarta": "Yogyakarta",
      "kuala-lumpur": "Kuala Lumpur",
      "penang": "Penang",
      "siem-reap": "Siem Reap",
      "phnom-penh": "Phnom Penh",
      "bagan": "Bagan",
      "yangon": "Rangoun",
      "luang-prabang": "Luang Prabang",
      "vientiane": "Vientiane",
      "bandar-seri-begawan": "Bandar Seri Begawan",
      "koror": "Koror",
      "dubai": "Dubaï",
      "abu-dhabi": "Abou Dabi",
      "istanbul": "Istanbul",
      "cappadocia": "Cappadoce",
      "ephesus": "Éphèse",
      "riyadh": "Riyad",
      "alula": "Al-'Ula",
      "marrakech": "Marrakech",
      "fes": "Fès",
      "chefchaouen": "Chefchaouen",
      "petra": "Pétra",
      "wadi-rum": "Wadi Rum",
      "amman": "Amman",
      "cairo": "Le Caire",
      "luxor": "Louxor",
      "isfahan": "Ispahan",
      "tehran": "Téhéran",
      "tbilisi": "Tbilissi",
      "batumi": "Batoumi",
      "doha": "Doha",
      "jerusalem": "Jérusalem",
      "tel-aviv": "Tel Aviv",
      "paris": "Paris",
      "nice": "Nice",
      "lyon": "Lyon",
      "rome": "Rome",
      "venice": "Venise",
      "florence": "Florence",
      "amalfi": "Amalfi",
      "barcelona": "Barcelone",
      "seville": "Séville",
      "granada": "Grenade",
      "london": "Londres",
      "edinburgh": "Édimbourg",
      "bath": "Bath",
      "prague": "Prague",
      "-esk-krumlov": "Český Krumlov",
      "amsterdam": "Amsterdam",
      "utrecht": "Utrecht",
      "cologne": "Cologne",
      "munich": "Munich",
      "hamburg": "Hambourg",
      "budapest": "Budapest",
      "lisbon": "Lisbonne",
      "porto": "Porto",
      "athens": "Athènes",
      "santorini": "Santorin",
      "krak-w": "Cracovie",
      "warsaw": "Varsovie",
      "dubrovnik": "Dubrovnik",
      "split": "Split",
      "new-york-city": "New York",
      "los-angeles": "Los Angeles",
      "new-orleans": "La Nouvelle-Orléans",
      "san-francisco": "San Francisco",
      "vancouver": "Vancouver",
      "toronto": "Toronto",
      "quebec": "Québec",
      "mexico-city": "Mexico",
      "oaxaca": "Oaxaca",
      "m-rida": "Mérida",
      "rio-de-janeiro": "Rio de Janeiro",
      "s-o-paulo": "São Paulo",
      "buenos-aires": "Buenos Aires",
      "patagonia": "Patagonie",
      "santiago": "Santiago",
      "valpara-so": "Valparaíso",
      "machu-picchu": "Machu Picchu",
      "cusco": "Cusco",
      "lima": "Lima",
      "cartagena": "Carthagène",
      "medell-n": "Medellín",
      "havana": "La Havane",
      "trinidad": "Trinidad",
      "quito": "Quito",
      "gal-pagos": "Galápagos",
      "cape-town": "Le Cap",
      "johannesburg": "Johannesbourg",
      "nairobi": "Nairobi",
      "mombasa": "Mombasa",
      "sydney": "Sydney",
      "melbourne": "Melbourne",
      "cairns": "Cairns",
      "queenstown": "Queenstown",
      "auckland": "Auckland",
      "addis-ababa": "Addis-Abeba",
      "lalibela": "Lalibela",
      "zanzibar": "Zanzibar",
      "serengeti": "Serengeti",
      "accra": "Accra",
      "kumasi": "Kumasi",
      "dakar": "Dakar",
      "suva": "Suva",
      "port-louis": "Port-Louis"
    },
    "mode_vlog": "Vlog",
    "mode_camp": "Camping",
    "mode_scenic": "Paysage",
    "search_keyword": "visite à pied",
    "error_connection": "Échec de la connexion au serveur vidéo. Veuillez réessayer plus tard.",
    "map_click_disabled": "La recherche directe sur la carte est désactivée dans la version préliminaire. Veuillez utiliser la sélection de zone/ville à gauche !"
  }
}